{"cameraMode":{"drawMode":0,"name":"Shaded","section":"Shading Mode"},"sceneLighting":false,"audioPlay":false,"sceneViewState":{"showFog":true,"showMaterialUpdate":false,"showSkybox":true,"showFlares":true,"showImageEffects":true,"showParticleSystems":true},"in2DMode":false,"pivot":{"x":43.262386322021487,"y":31.4693603515625,"z":26.420913696289064},"rotation":{"x":-0.4684451222419739,"y":0.27111735939979555,"z":-0.15343725681304933,"w":-0.8272137641906738},"size":28.512706756591798,"orthographic":false}