{"cameraMode":{"drawMode":0,"name":"Shaded","section":"Shading Mode"},"sceneLighting":false,"audioPlay":false,"sceneViewState":{"showFog":true,"showMaterialUpdate":false,"showSkybox":true,"showFlares":true,"showImageEffects":true,"showParticleSystems":true},"in2DMode":false,"pivot":{"x":25.736209869384767,"y":35.97152328491211,"z":23.216724395751954},"rotation":{"x":0.03239922225475311,"y":-0.9111711382865906,"z":0.07658927142620087,"w":0.40474313497543337},"size":17.12645721435547,"orthographic":false}