{"cameraMode":{"drawMode":0,"name":"Shaded","section":"Shading Mode"},"sceneLighting":false,"audioPlay":false,"sceneViewState":{"showFog":true,"showMaterialUpdate":false,"showSkybox":true,"showFlares":true,"showImageEffects":true,"showParticleSystems":true},"in2DMode":false,"pivot":{"x":3.4647295475006105,"y":1.5019111633300782,"z":-7.563673973083496},"rotation":{"x":0.03353138267993927,"y":0.9637148976325989,"z":-0.12042106688022614,"w":0.2384345978498459},"size":8.031108856201172,"orthographic":false}