{"cameraMode":{"drawMode":0,"name":"Shaded","section":"Shading Mode"},"sceneLighting":false,"audioPlay":false,"sceneViewState":{"showFog":true,"showMaterialUpdate":false,"showSkybox":true,"showFlares":true,"showImageEffects":true,"showParticleSystems":true},"in2DMode":false,"pivot":{"x":27.64665985107422,"y":38.362998962402347,"z":30.0},"rotation":{"x":-0.21377845108509065,"y":0.4872778356075287,"z":-0.12422095984220505,"w":-0.8379788994789124},"size":11.431534767150879,"orthographic":false}