{"cameraMode":{"drawMode":0,"name":"Shaded","section":"Shading Mode"},"sceneLighting":false,"audioPlay":false,"sceneViewState":{"showFog":true,"showMaterialUpdate":false,"showSkybox":false,"showFlares":true,"showImageEffects":true,"showParticleSystems":true},"in2DMode":false,"pivot":{"x":2.459603786468506,"y":2.1200029850006105,"z":-12.678138732910157},"rotation":{"x":0.3041086196899414,"y":-0.2728657126426697,"z":0.09196563810110092,"w":0.908321738243103},"size":2.9267497062683107,"orthographic":false}