{"cameraMode":{"drawMode":0,"name":"Shaded","section":"Shading Mode"},"sceneLighting":false,"audioPlay":false,"sceneViewState":{"showFog":true,"showMaterialUpdate":false,"showSkybox":false,"showFlares":true,"showImageEffects":true,"showParticleSystems":true},"in2DMode":false,"pivot":{"x":-5.780000686645508,"y":6.430000305175781,"z":-4.237866401672363},"rotation":{"x":0.20007944107055665,"y":0.5944585800170898,"z":-0.15511199831962586,"w":0.7634902596473694},"size":63.004459381103519,"orthographic":false}