{"cameraMode":{"drawMode":0,"name":"Shaded","section":"Shading Mode"},"sceneLighting":false,"audioPlay":false,"sceneViewState":{"showFog":true,"showMaterialUpdate":false,"showSkybox":true,"showFlares":true,"showImageEffects":true,"showParticleSystems":true},"in2DMode":false,"pivot":{"x":13.278701782226563,"y":0.8072012662887573,"z":18.092632293701173},"rotation":{"x":0.008131882175803185,"y":0.02757248282432556,"z":-0.002754730172455311,"w":1.000579833984375},"size":25.518110275268556,"orthographic":false}