{"cameraMode":{"drawMode":0,"name":"Shaded","section":"Shading Mode"},"sceneLighting":true,"audioPlay":false,"sceneViewState":{"showFog":true,"showMaterialUpdate":false,"showSkybox":true,"showFlares":true,"showImageEffects":true,"showParticleSystems":true},"in2DMode":false,"pivot":{"x":8.897367477416993,"y":-12.146507263183594,"z":14.432612419128418},"rotation":{"x":-0.44444504380226138,"y":-0.05485650897026062,"z":0.027024220675230027,"w":-0.89388507604599},"size":39.758792877197269,"orthographic":false}