{"cameraMode":{"drawMode":0,"name":"Shaded","section":"Shading Mode"},"sceneLighting":true,"audioPlay":false,"sceneViewState":{"showFog":true,"showMaterialUpdate":false,"showSkybox":true,"showFlares":true,"showImageEffects":true,"showParticleSystems":true},"in2DMode":false,"pivot":{"x":2.6776111125946047,"y":5.038268089294434,"z":-6.217724800109863},"rotation":{"x":-0.13669773936271668,"y":-0.06567754596471787,"z":0.00882056076079607,"w":-0.9885222315788269},"size":2.8578836917877199,"orthographic":false}