{"cameraMode":{"drawMode":0,"name":"Shaded","section":"Shading Mode"},"sceneLighting":false,"audioPlay":false,"sceneViewState":{"showFog":true,"showMaterialUpdate":false,"showSkybox":true,"showFlares":true,"showImageEffects":true,"showParticleSystems":true},"in2DMode":false,"pivot":{"x":22.369613647460939,"y":33.53310012817383,"z":36.515682220458987},"rotation":{"x":0.32752737402915957,"y":-0.0315864160656929,"z":0.012623859569430352,"w":0.9449526071548462},"size":2.3418381214141847,"orthographic":false}