{"cameraMode":{"drawMode":0,"name":"Shaded","section":"Shading Mode"},"sceneLighting":false,"audioPlay":false,"sceneViewState":{"showFog":true,"showMaterialUpdate":false,"showSkybox":true,"showFlares":true,"showImageEffects":true,"showParticleSystems":true},"in2DMode":false,"pivot":{"x":35.82688903808594,"y":-34.750396728515628,"z":-54.90535354614258},"rotation":{"x":-0.010987167246639729,"y":-0.9774492979049683,"z":0.20605123043060304,"w":-0.053953852504491809},"size":117.45926666259766,"orthographic":false}