{"cameraMode":{"drawMode":0,"name":"Shaded","section":"Shading Mode"},"sceneLighting":false,"audioPlay":false,"sceneViewState":{"showFog":true,"showMaterialUpdate":false,"showSkybox":true,"showFlares":true,"showImageEffects":true,"showParticleSystems":true},"in2DMode":false,"pivot":{"x":14.085163116455079,"y":-3.17413330078125,"z":-17.105926513671876},"rotation":{"x":0.1198059543967247,"y":0.8820006847381592,"z":-0.3544730842113495,"w":0.2889832556247711},"size":7.783565998077393,"orthographic":false}