{"cameraMode":{"drawMode":0,"name":"Shaded","section":"Shading Mode"},"sceneLighting":false,"audioPlay":false,"sceneViewState":{"showFog":true,"showMaterialUpdate":false,"showSkybox":true,"showFlares":true,"showImageEffects":true,"showParticleSystems":true},"in2DMode":false,"pivot":{"x":1.4619884490966797,"y":10.781440734863282,"z":1.9130301475524903},"rotation":{"x":0.40061697363853457,"y":-0.36910006403923037,"z":0.18156054615974427,"w":0.8191684484481812},"size":18.70467758178711,"orthographic":false}