{"cameraMode":{"drawMode":0,"name":"Shaded","section":"Shading Mode"},"sceneLighting":true,"audioPlay":false,"sceneViewState":{"showFog":true,"showMaterialUpdate":false,"showSkybox":true,"showFlares":true,"showImageEffects":true,"showParticleSystems":true},"in2DMode":false,"pivot":{"x":42.63676452636719,"y":32.683353424072269,"z":33.81820297241211},"rotation":{"x":-0.13251546025276185,"y":-0.6680845618247986,"z":0.12174301594495774,"w":-0.7222753167152405},"size":3.7885518074035646,"orthographic":false}