{"cameraMode":{"drawMode":0,"name":"Shaded","section":"Shading Mode"},"sceneLighting":false,"audioPlay":false,"sceneViewState":{"showFog":true,"showMaterialUpdate":false,"showSkybox":true,"showFlares":true,"showImageEffects":true,"showParticleSystems":true},"in2DMode":false,"pivot":{"x":0.3982354402542114,"y":-1.1000103950500489,"z":2.4051575660705568},"rotation":{"x":-0.22721445560455323,"y":0.7358196377754211,"z":-0.5665171146392822,"w":-0.29460272192955019},"size":7.797832012176514,"orthographic":false}