{"cameraMode":{"drawMode":0,"name":"Shaded","section":"Shading Mode"},"sceneLighting":false,"audioPlay":false,"sceneViewState":{"showFog":true,"showMaterialUpdate":false,"showSkybox":false,"showFlares":true,"showImageEffects":true,"showParticleSystems":true},"in2DMode":false,"pivot":{"x":-1.926027774810791,"y":2.4292516708374025,"z":-5.685588836669922},"rotation":{"x":-0.24955521523952485,"y":0.11988338083028794,"z":-0.03198887035250664,"w":-0.9607331156730652},"size":14.408598899841309,"orthographic":false}