{"cameraMode":{"drawMode":0,"name":"Shaded","section":"Shading Mode"},"sceneLighting":false,"audioPlay":false,"sceneViewState":{"showFog":true,"showMaterialUpdate":false,"showSkybox":true,"showFlares":true,"showImageEffects":true,"showParticleSystems":true},"in2DMode":false,"pivot":{"x":43.191627502441409,"y":31.946840286254884,"z":26.384538650512697},"rotation":{"x":0.0007118306821212173,"y":0.005039418116211891,"z":0.0017000751104205847,"w":1.000674843788147},"size":3.0925278663635256,"orthographic":false}