{"cameraMode":{"drawMode":0,"name":"Shaded","section":"Shading Mode"},"sceneLighting":false,"audioPlay":false,"sceneViewState":{"showFog":true,"showMaterialUpdate":false,"showSkybox":true,"showFlares":true,"showImageEffects":true,"showParticleSystems":true},"in2DMode":false,"pivot":{"x":8.00336742401123,"y":-2.1940369606018068,"z":0.37787914276123049},"rotation":{"x":0.15022996068000794,"y":0.010132119059562683,"z":-0.0018436991376802326,"w":0.9890583753585815},"size":12.274292945861817,"orthographic":false}