{"cameraMode":{"drawMode":0,"name":"Shaded","section":"Shading Mode"},"sceneLighting":true,"audioPlay":false,"sceneViewState":{"showFog":true,"showMaterialUpdate":false,"showSkybox":true,"showFlares":true,"showImageEffects":true,"showParticleSystems":true},"in2DMode":false,"pivot":{"x":8.95328140258789,"y":4.24099063873291,"z":-3.767899513244629},"rotation":{"x":0.25142401456832888,"y":-0.36588233709335329,"z":0.1037137508392334,"w":0.8902286887168884},"size":16.81694793701172,"orthographic":false}