{"cameraMode":{"drawMode":0,"name":"Shaded","section":"Shading Mode"},"sceneLighting":false,"audioPlay":false,"sceneViewState":{"showFog":true,"showMaterialUpdate":false,"showSkybox":true,"showFlares":true,"showImageEffects":true,"showParticleSystems":true},"in2DMode":false,"pivot":{"x":6.897336483001709,"y":1.890366792678833,"z":0.7333735227584839},"rotation":{"x":0.1939130276441574,"y":0.49066779017448428,"z":-0.11193350702524185,"w":0.8426573872566223},"size":8.055943489074707,"orthographic":false}