{"cameraMode":{"drawMode":0,"name":"Shaded","section":"Shading Mode"},"sceneLighting":true,"audioPlay":false,"sceneViewState":{"showFog":true,"showMaterialUpdate":false,"showSkybox":true,"showFlares":true,"showImageEffects":true,"showParticleSystems":true},"in2DMode":false,"pivot":{"x":21.74633026123047,"y":-14.121574401855469,"z":5.2085280418396},"rotation":{"x":-0.514542818069458,"y":-0.03583844378590584,"z":0.02127034030854702,"w":-0.8566275835037231},"size":44.21839904785156,"orthographic":false}