{"cameraMode":{"drawMode":0,"name":"Shaded","section":"Shading Mode"},"sceneLighting":true,"audioPlay":false,"sceneViewState":{"showFog":true,"showMaterialUpdate":false,"showSkybox":true,"showFlares":true,"showImageEffects":true,"showParticleSystems":true},"in2DMode":false,"pivot":{"x":35.689998626708987,"y":30.950008392333986,"z":35.13999938964844},"rotation":{"x":-0.2619667053222656,"y":0.6844713091850281,"z":-0.291737824678421,"w":-0.6146541237831116},"size":2.8578836917877199,"orthographic":false}