{"cameraMode":{"drawMode":0,"name":"Shaded","section":"Shading Mode"},"sceneLighting":false,"audioPlay":false,"sceneViewState":{"showFog":true,"showMaterialUpdate":false,"showSkybox":true,"showFlares":true,"showImageEffects":true,"showParticleSystems":true},"in2DMode":false,"pivot":{"x":22.96781349182129,"y":0.9158651232719421,"z":-7.611761093139648},"rotation":{"x":-0.21413996815681458,"y":-0.7514622807502747,"z":0.2912899851799011,"w":-0.552693784236908},"size":9.510574340820313,"orthographic":false}