{"cameraMode":{"drawMode":0,"name":"Shaded","section":"Shading Mode"},"sceneLighting":false,"audioPlay":false,"sceneViewState":{"showFog":true,"showMaterialUpdate":false,"showSkybox":true,"showFlares":true,"showImageEffects":true,"showParticleSystems":true},"in2DMode":false,"pivot":{"x":5.086815357208252,"y":1.9761435985565186,"z":-10.529829978942871},"rotation":{"x":-0.07162272185087204,"y":0.6298492550849915,"z":0.06047060340642929,"w":0.7719238996505737},"size":5.745283603668213,"orthographic":false}