{"cameraMode":{"drawMode":0,"name":"Shaded","section":"Shading Mode"},"sceneLighting":true,"audioPlay":false,"sceneViewState":{"showFog":true,"showMaterialUpdate":false,"showSkybox":true,"showFlares":true,"showImageEffects":true,"showParticleSystems":true},"in2DMode":false,"pivot":{"x":-1.1390347480773926,"y":-8.675747871398926,"z":-14.069771766662598},"rotation":{"x":0.15873725712299348,"y":-0.835166335105896,"z":0.42318204045295718,"w":0.3138998746871948},"size":46.877628326416019,"orthographic":false}