{"cameraMode":{"drawMode":0,"name":"Shaded","section":"Shading Mode"},"sceneLighting":false,"audioPlay":false,"sceneViewState":{"showFog":true,"showMaterialUpdate":false,"showSkybox":true,"showFlares":true,"showImageEffects":true,"showParticleSystems":true},"in2DMode":false,"pivot":{"x":-43.95857620239258,"y":8.457550048828125,"z":-23.703418731689454},"rotation":{"x":-0.01669958233833313,"y":-0.7604497075080872,"z":-0.020280299708247186,"w":0.6495604515075684},"size":81.88124084472656,"orthographic":false}