{"cameraMode":{"drawMode":0,"name":"Shaded","section":"Shading Mode"},"sceneLighting":false,"audioPlay":false,"sceneViewState":{"showFog":true,"showMaterialUpdate":false,"showSkybox":true,"showFlares":true,"showImageEffects":true,"showParticleSystems":true},"in2DMode":false,"pivot":{"x":30.713693618774415,"y":46.56407165527344,"z":29.972312927246095},"rotation":{"x":0.5029959082603455,"y":-0.09498368948698044,"z":0.05459652096033096,"w":0.8577969074249268},"size":22.861906051635743,"orthographic":false}