{"cameraMode":{"drawMode":0,"name":"Shaded","section":"Shading Mode"},"sceneLighting":false,"audioPlay":false,"sceneViewState":{"showFog":true,"showMaterialUpdate":false,"showSkybox":true,"showFlares":true,"showImageEffects":true,"showParticleSystems":true},"in2DMode":false,"pivot":{"x":43.262386322021487,"y":31.4693603515625,"z":26.420913696289064},"rotation":{"x":-0.3769207298755646,"y":0.42734307050704958,"z":-0.2020856887102127,"w":-0.797017514705658},"size":7.955474376678467,"orthographic":false}