{"cameraMode":{"drawMode":0,"name":"Shaded","section":"Shading Mode"},"sceneLighting":false,"audioPlay":false,"sceneViewState":{"showFog":true,"showMaterialUpdate":false,"showSkybox":true,"showFlares":true,"showImageEffects":true,"showParticleSystems":true},"in2DMode":false,"pivot":{"x":36.106937408447269,"y":-14.570033073425293,"z":4.624967575073242},"rotation":{"x":0.36989960074424746,"y":0.009472643956542015,"z":-0.00403719674795866,"w":0.9295055866241455},"size":28.47722625732422,"orthographic":false}