{"cameraMode":{"drawMode":0,"name":"Shaded","section":"Shading Mode"},"sceneLighting":false,"audioPlay":false,"sceneViewState":{"showFog":true,"showMaterialUpdate":false,"showSkybox":false,"showFlares":true,"showImageEffects":true,"showParticleSystems":true},"in2DMode":false,"pivot":{"x":2.575637102127075,"y":2.1987502574920656,"z":-14.475085258483887},"rotation":{"x":0.20029127597808839,"y":-0.7124831080436707,"z":0.22605003416538239,"w":0.633716881275177},"size":2.9267497062683107,"orthographic":false}