{"cameraMode":{"drawMode":0,"name":"Shaded","section":"Shading Mode"},"sceneLighting":false,"audioPlay":false,"sceneViewState":{"showFog":true,"showMaterialUpdate":false,"showSkybox":true,"showFlares":true,"showImageEffects":true,"showParticleSystems":true},"in2DMode":false,"pivot":{"x":3.5988738536834719,"y":1.3635344505310059,"z":-4.448099613189697},"rotation":{"x":0.09068615734577179,"y":-0.16442294418811799,"z":0.016200974583625795,"w":0.9825639724731445},"size":8.055943489074707,"orthographic":false}