{"cameraMode":{"drawMode":0,"name":"Shaded","section":"Shading Mode"},"sceneLighting":false,"audioPlay":false,"sceneViewState":{"showFog":true,"showMaterialUpdate":false,"showSkybox":true,"showFlares":true,"showImageEffects":true,"showParticleSystems":true},"in2DMode":false,"pivot":{"x":15.239784240722657,"y":-14.153191566467286,"z":-54.49217987060547},"rotation":{"x":0.016995271667838098,"y":0.9825353026390076,"z":-0.1343533843755722,"w":0.13524900376796723},"size":48.87382888793945,"orthographic":false}