{"cameraMode":{"drawMode":0,"name":"Shaded","section":"Shading Mode"},"sceneLighting":false,"audioPlay":false,"sceneViewState":{"showFog":true,"showMaterialUpdate":false,"showSkybox":true,"showFlares":true,"showImageEffects":true,"showParticleSystems":true},"in2DMode":false,"pivot":{"x":8.005474090576172,"y":-5.206308364868164,"z":-4.686781406402588},"rotation":{"x":-0.19939923286437989,"y":0.2887197434902191,"z":-0.06353811919689179,"w":-0.9348907470703125},"size":9.439691543579102,"orthographic":false}