{"cameraMode":{"drawMode":0,"name":"Shaded","section":"Shading Mode"},"sceneLighting":true,"audioPlay":false,"sceneViewState":{"showFog":true,"showMaterialUpdate":false,"showSkybox":true,"showFlares":true,"showImageEffects":true,"showParticleSystems":true},"in2DMode":false,"pivot":{"x":3.9839699268341066,"y":-1.3457367420196534,"z":1.4706940650939942},"rotation":{"x":0.19187121093273164,"y":0.30622225999832156,"z":-0.06315828114748001,"w":0.9302825927734375},"size":18.265146255493165,"orthographic":false}