{"cameraMode":{"drawMode":0,"name":"Shaded","section":"Shading Mode"},"sceneLighting":false,"audioPlay":false,"sceneViewState":{"showFog":true,"showMaterialUpdate":false,"showSkybox":false,"showFlares":true,"showImageEffects":true,"showParticleSystems":true},"in2DMode":false,"pivot":{"x":29.70221710205078,"y":15.86551284790039,"z":-21.443859100341798},"rotation":{"x":-0.11165494471788407,"y":0.21570178866386414,"z":-0.025501558557152749,"w":-0.9700741171836853},"size":16.8564395904541,"orthographic":false}