{"cameraMode":{"drawMode":0,"name":"Shaded","section":"Shading Mode"},"sceneLighting":true,"audioPlay":false,"sceneViewState":{"showFog":true,"showMaterialUpdate":false,"showSkybox":true,"showFlares":true,"showImageEffects":true,"showParticleSystems":true},"in2DMode":false,"pivot":{"x":22.59000015258789,"y":33.470001220703128,"z":36.22999954223633},"rotation":{"x":-0.18990440666675569,"y":0.8098781704902649,"z":-0.38167211413383486,"w":-0.4029764235019684},"size":7.739912033081055,"orthographic":false}