{"cameraMode":{"drawMode":0,"name":"Shaded","section":"Shading Mode"},"sceneLighting":false,"audioPlay":false,"sceneViewState":{"showFog":true,"showMaterialUpdate":false,"showSkybox":true,"showFlares":true,"showImageEffects":true,"showParticleSystems":true},"in2DMode":false,"pivot":{"x":2.9168004989624025,"y":0.5859943628311157,"z":4.57621955871582},"rotation":{"x":-0.003285754704847932,"y":0.9928958415985107,"z":0.024549007415771486,"w":0.12022560834884644},"size":4.588627815246582,"orthographic":false}