{"cameraMode":{"drawMode":0,"name":"Shaded","section":"Shading Mode"},"sceneLighting":false,"audioPlay":false,"sceneViewState":{"showFog":true,"showMaterialUpdate":false,"showSkybox":false,"showFlares":true,"showImageEffects":true,"showParticleSystems":true},"in2DMode":false,"pivot":{"x":12.029999732971192,"y":1.0090000629425049,"z":-12.58799934387207},"rotation":{"x":-0.1408967822790146,"y":0.8439614176750183,"z":-0.26885324716567995,"w":-0.44227832555770876},"size":22.0,"orthographic":false}