{"cameraMode":{"drawMode":0,"name":"Shaded","section":"Shading Mode"},"sceneLighting":true,"audioPlay":false,"sceneViewState":{"showFog":true,"showMaterialUpdate":false,"showSkybox":true,"showFlares":true,"showImageEffects":true,"showParticleSystems":true},"in2DMode":false,"pivot":{"x":7.800000190734863,"y":45.400001525878909,"z":-9.899999618530274},"rotation":{"x":0.40624648332595827,"y":0.1603911817073822,"z":-0.07266756147146225,"w":0.8966675996780396},"size":22.0,"orthographic":false}