{"cameraMode":{"drawMode":0,"name":"Shaded","section":"Shading Mode"},"sceneLighting":false,"audioPlay":false,"sceneViewState":{"showFog":true,"showMaterialUpdate":false,"showSkybox":true,"showFlares":true,"showImageEffects":true,"showParticleSystems":true},"in2DMode":false,"pivot":{"x":33.94825744628906,"y":29.38495635986328,"z":34.33700180053711},"rotation":{"x":0.10593880712985993,"y":-0.617685079574585,"z":0.0866747498512268,"w":0.7753110527992249},"size":14.37225341796875,"orthographic":false}