{"cameraMode":{"drawMode":0,"name":"Shaded","section":"Shading Mode"},"sceneLighting":true,"audioPlay":false,"sceneViewState":{"showFog":true,"showMaterialUpdate":false,"showSkybox":true,"showFlares":true,"showImageEffects":true,"showParticleSystems":true},"in2DMode":false,"pivot":{"x":62.436500549316409,"y":24.6346492767334,"z":23.763988494873048},"rotation":{"x":0.1310110092163086,"y":0.7792365550994873,"z":-0.17262141406536103,"w":0.5884008407592773},"size":28.93484878540039,"orthographic":false}