{"cameraMode":{"drawMode":0,"name":"Shaded","section":"Shading Mode"},"sceneLighting":true,"audioPlay":false,"sceneViewState":{"showFog":true,"showMaterialUpdate":false,"showSkybox":true,"showFlares":true,"showImageEffects":true,"showParticleSystems":true},"in2DMode":false,"pivot":{"x":32.648460388183597,"y":32.0411376953125,"z":33.65739440917969},"rotation":{"x":0.11967873573303223,"y":0.6949250102043152,"z":-0.11787290871143341,"w":0.6995150446891785},"size":7.138638973236084,"orthographic":false}