{"cameraMode":{"drawMode":0,"name":"Shaded","section":"Shading Mode"},"sceneLighting":false,"audioPlay":false,"sceneViewState":{"showFog":true,"showMaterialUpdate":false,"showSkybox":true,"showFlares":true,"showImageEffects":true,"showParticleSystems":true},"in2DMode":false,"pivot":{"x":6.056147575378418,"y":3.8481831550598146,"z":2.364471912384033},"rotation":{"x":0.06490759551525116,"y":-0.8267912268638611,"z":0.09972143173217774,"w":0.5506541728973389},"size":9.60686206817627,"orthographic":false}