{"cameraMode":{"drawMode":0,"name":"Shaded","section":"Shading Mode"},"sceneLighting":false,"audioPlay":false,"sceneViewState":{"showFog":true,"showMaterialUpdate":false,"showSkybox":true,"showFlares":true,"showImageEffects":true,"showParticleSystems":true},"in2DMode":false,"pivot":{"x":32.366180419921878,"y":30.950008392333986,"z":32.65349578857422},"rotation":{"x":-0.178063303232193,"y":0.8027010560035706,"z":-0.2918091416358948,"w":-0.48947572708129885},"size":2.8578836917877199,"orthographic":false}