{"cameraMode":{"drawMode":0,"name":"Shaded","section":"Shading Mode"},"sceneLighting":false,"audioPlay":false,"sceneViewState":{"showFog":true,"showMaterialUpdate":false,"showSkybox":true,"showFlares":true,"showImageEffects":true,"showParticleSystems":true},"in2DMode":false,"pivot":{"x":8.73211669921875,"y":-5.729092597961426,"z":15.592496871948243},"rotation":{"x":-0.21063284575939179,"y":-0.032558951526880267,"z":0.00629736203700304,"w":-0.9773701429367065},"size":25.8057918548584,"orthographic":false}