{"cameraMode":{"drawMode":0,"name":"Shaded","section":"Shading Mode"},"sceneLighting":true,"audioPlay":false,"sceneViewState":{"showFog":true,"showMaterialUpdate":false,"showSkybox":true,"showFlares":true,"showImageEffects":true,"showParticleSystems":true},"in2DMode":false,"pivot":{"x":42.543357849121097,"y":32.484283447265628,"z":34.00920486450195},"rotation":{"x":0.22430504858493806,"y":-0.7649480700492859,"z":0.34740161895751955,"w":0.4938574731349945},"size":8.187819480895996,"orthographic":false}